Title,Publication Date,Description,Link
5 Science-Backed Ways to Live a Longer Life,"January 2, 2025",Want to live a longer life? Try these five simple habits in 2025 that can help increase your life span by years and improve the overall quality of…,https://www.healthline.com/health-news/healthy-ways-to-improve-longevity
"Jimmy Carter Dies at Age 100, Leaving Long Legacy in Public Health","December 29, 2024",Former president Jimmy Carter was the only US president to reach 100 years old. Carter left a long legacy in global health and infectious disease that…,https://www.healthline.com/health-news/jimmy-carters-dies-at-100-public-health-legacy
How ‘Weekend Warrior’ Workouts Can Jumpstart Your 2025 Fitness Goals,"December 27, 2024","Weekend warriors reap significant health benefits, similar to those who follow a more traditional exercise schedule throughout the week. Learn how to…",https://www.healthline.com/health-news/weekend-warrior-workouts-beginner-tips
Why People on TikTok Are Slathering Their Face with Beef Tallow,"December 21, 2024","People on TikTok are claiming that beef tallow (animal fat) is an effective facial moisturizer that can help hydrate your skin and reduce acne, but…",https://www.healthline.com/health-news/beef-tallow-moisturizer-tiktok-trend
Meat Substitutes Linked to 42% Higher Depression Risk in Vegetarians,"December 20, 2024",New research found that vegetarians who ate plant-based meat alternatives had a 42% higher risk of depression as well as greater signs of inflammation.,https://www.healthline.com/health-news/processed-meat-substitutes-higher-depression-risk-vegetarians
"Vitamin D Won’t Prevent Falls, Fractures In Older Adults. Here's What Will Help","December 19, 2024",The U.S. Preventive Services Task Force say vitamin D supplements do not reduce the risk of falls or bone fractures in healthy older adults. The draft…,https://www.healthline.com/health-news/vitamin-d-falls-fracture-risk-older-adults
Occasional Wine With Mediterranean Diet May Lower Cardiovascular Disease Risk,"December 18, 2024","New research suggests that low to moderate wine consumption while adhering to the Mediterranean diet may help lower the risk of heart disease. However,",https://www.healthline.com/health-news/wine-mediterranean-diet-may-lower-cardiovascular-disease-risk
Health Experts Debunk 6 Popular Myths About Holiday Habits,"December 17, 2024","From skipping meals and exercise to overindulging in unhealthy food and drinks, experts weigh in on six of the most common health myths that…",https://www.healthline.com/health-news/experts-debunk-holiday-health-myths
Meghan Trainor Says Lifting Weights Helped Her Shed Pounds and Boost Energy Levels,"December 16, 2024","Singer Meghan Trainor says lifting weights has helped ""change her life,"" aiding her on her weight loss journey as well as boosting her energy and…",https://www.healthline.com/health-news/meghan-trainor-weight-loss-lifting-weights
"Getting at Least 5,000 Steps a Day Could Improve Depression, Mood","December 16, 2024","A new study suggests walking at least 5,000 steps per day can help reduce depression symptoms. When step counts reached at least 7,500 per day…",https://www.healthline.com/health-news/more-daily-steps-improves-depression-symptoms
How a Healthy Breakfast Could Lower Your Cardiovascular Disease Risk,"December 16, 2024","In a new study, people who consumed between 20% and 30% of their daily energy intake at breakfast and ate higher quality foods showed improvements in…",https://www.healthline.com/health-news/healthy-breakfast-lowers-cardiovascular-disease-risk
"‘Holding Space’ Is More Than a Viral Meme, It’s a Healthy Practice. Here’s Why","December 13, 2024",Journalist Tracy E. Gilchrist’s mention of “holding space” during an interview with “Wicked” co-stars Ariana Grande and Cynthia Erivo may have sparked…,https://www.healthline.com/health-news/holding-space-meaning-boost-mental-health
Cervical Cancer Screening Includes New Self-Collection Method for HPV Testing,"December 13, 2024","For the first time, cervical cancer screening guidelines from the U.S. Preventive Services Task Force include self-collection of HPV samples for…",https://www.healthline.com/health-news/cervical-cancer-screening-hpv-testing-us-task-force
Can TikTok’s Viral 12-3-30 Treadmill Workout Really Help You Lose Weight?,"December 12, 2024","The 12-3-30 treadmill challenge is trending on TikTok, but can the viral workout really help you lose weight?",https://www.healthline.com/health-news/12-3-30-tiktok-treadmill-challenge-weight-loss
"Colon Cancer Is Driven by Inflammation, Poor Diet — Here's What to Eat Instead","December 12, 2024",Researchers say chronic inflammation raises a person’s risk of developing colorectal cancer as well as suppresses the body’s ability to fight the…,https://www.healthline.com/health-news/inflammation-diet-colorectal-cancer-risk
"Jamie Foxx Says He Experienced Brain Bleeding and a Stroke, Early Symptoms Misdiagnosed","December 11, 2024","Jamie Foxx has revealed details about the “medical complication” he experienced in August 2023, sharing he experienced a stroke due to bleeding in his…",https://www.healthline.com/health-news/jamie-foxx-stroke
This Quitline Program Helped Nearly Half of Young Adults Stop Vaping,"December 11, 2024",New research from RVO Health found that a quitline-based program led to vaping cessation in 45% of young adults. The quitline intervention that…,https://www.healthline.com/health-news/quitline-helped-young-adults-stop-vaping
"Cardiorespiratory Fitness Preserves Brain Health As You Age, Study Finds","December 10, 2024",New research shows that people with better cardiorespiratory fitness scored higher across five cognitive health domains. The findings illustrate that…,https://www.healthline.com/health-news/cardiorespiratory-fitness-promotes-brain-health
"Occasional Sweets Won’t Raise Cardiovascular Risk but Sugary Drinks Can, Study Finds","December 9, 2024","New research suggests that consuming sugar-sweetened drinks may raise your risk of cardiovascular disease, while eating the occasional sweet treat…",https://www.healthline.com/health-news/sugary-drinks-cardiovascular-disease-risk
This Nurse Practitioner Lost 100 lbs Taking the Weight Loss Drug Contrave,"December 7, 2024",Nurse practitioner Tim Nicaise tried everything to lose weight without success. Then his doctor prescribed the drug Contrave and his life changed.,https://www.healthline.com/health-news/contrave-nurse-practitioner-weight-loss
Can TikTok’s Viral 90-30-50 Diet Really Help You Lose Weight?,"December 6, 2024","The 90-30-50 diet for weight loss is going viral on TikTok. It involves eating 90 grams of protein, 30 grams of fiber, and 50 grams of fat per day…",https://www.healthline.com/health-news/the-90-30-50-diet-weight-loss-tiktok
Zepbound Leads to More Weight Loss Than Wegovy in Head-to-Head Clinical Trial,"December 5, 2024",Drug manufacturer Eli Lilly says their drug Zepbound is more effective than Wegovy for long-term weight loss. Results from a clinical trial show 20%…,https://www.healthline.com/health-news/zepbound-more-weight-loss-than-wegovy-eli-lilly-trial
Eating Dark Chocolate May Help Lower Your Risk of Type 2 Diabetes,"December 4, 2024","A new observational study concludes that dark chocolate, compared to milk chocolate, could help lower type 2 diabetes risk by 21%. Dark chocolate…",https://www.healthline.com/health-news/dark-chocolate-may-lower-diabetes-risk
Cucumbers and Costco Eggs Recalled Over Food Safety Risks: What to Know,"December 4, 2024",Major multistate recalls of cucumbers and eggs sold at Costco have been recalled due to concerns about salmonella contamination.,https://www.healthline.com/health-news/cucumbers-costco-eggs-recalled-salmonella
How a Surprising Diagnosis from My Cardiologist Led to Open-Heart Surgery,"December 3, 2024",Healthline contributor and former editor David Mills shares how an annual checkup with his cardiologist resulted in a surprising diagnosis that…,https://www.healthline.com/health-news/dave-mills-heart-surgery-experience
Eating More Plant Than Animal Protein May Cut Your Heart Disease Risk,"December 2, 2024",Regularly eating more plant-based than animal protein may significantly lower your cardiovascular and coronary heart disease risk.,https://www.healthline.com/health-news/higher-ratio-plant-protein-lower-heart-disease-risk
"Ultra-processed Foods Drive Obesity, But a Mediterranean Diet May Help","November 30, 2024",A new study finds that higher intake of ultra-processed foods is associated with greater body mass index (BMI). The findings also demonstrate how…,https://www.healthline.com/health-news/ultra-processed-foods-obesity-metabolic-risks
‘Dry Yogurt’ Food Hack Goes Viral on TikTok. Is It Worth the Hype?,"November 29, 2024","Dry yogurt is the latest food trend that’s going viral on TikTok, but is worth the hype? Nutritionists reveal the pros and cons.",https://www.healthline.com/health-news/dried-yogurt-tiktok-trend
Lizzo Says These 3 Healthy Habits Helped Her Lose 60 Pounds,"November 27, 2024",Music star Lizzo credits three healthy habits with helping her lose over 60 pounds without taking a GLP-1 drug like Ozempic.,https://www.healthline.com/health-news/lizzo-weight-loss-healthy-habits
"Irregular Sleep-Wake Cycles May Raise Heart Attack, Stroke Risk by 26%","November 26, 2024","A new study found an increased risk of cardiovascular events in people with irregular sleep patterns, even when they got the recommended amount of…",https://www.healthline.com/health-news/irregular-sleep-wake-cycles-heart-attack-stroke-risk
TikTok’s Viral Mac and Cheese: Simple Hacks to Make It Healthier,"November 25, 2024","Nutritionists share their favorite hacks to help cut the fat, calories and sodium in TikTok’s viral mac and cheese recipe without sacrificing the…",https://www.healthline.com/health-news/tiktoks-viral-mac-and-cheese-healthy-hacks
She Lived with These Parkinson’s Symptoms for Over a Decade Before Diagnosis,"November 23, 2024","Veronica Brown lived with chronic fatigue, depression, and anxiety for over 10 years before she learned they were early signs of Parkinson's disease…",https://www.healthline.com/health-news/early-parkinsons-symptoms-before-diagnosis
The Pros and Cons of TikTok’s Viral ‘Winter Arc’ Challenge: What to Know,"November 22, 2024",TikTok's ‘Winter Arc’ challenge urges people to prioritize their health with 10 daily activities for 90 days. Health experts highlight the potential…,https://www.healthline.com/health-news/tiktok-winter-arc-challenge
Selena Gomez Has SIBO: What to Know About This Rare Digestive Condition,"November 22, 2024","Pop star and actress Selena Gomez responded to body shamers on social media by revealing she has SIBO, a rare GI disorder with no cure. SIBO causes…",https://www.healthline.com/health-news/selena-gomez-sibo-signs-symptoms
6 Natural Ozempic Alternatives That Can Help Quiet ‘Food Noise’,"November 22, 2024","Health experts say these six simple tips can help you naturally manage hunger and quiet ""food noise"" without medication.",https://www.healthline.com/health-news/natural-ozempic-alternatives-quiet-food-noise
Surgeon General: Health Disparities Remain as US Smoking Rates Decline,"November 21, 2024","A new advisory from U.S. Surgeon General Dr. Vivek Murthy highlights major health disparities in tobacco use based on factors such as race, ethnicity…",https://www.healthline.com/health-news/surgeon-general-health-disparities-smoking-tobacco
"E. Coli Outbreak Linked to Carrots: Symptoms, Risks, and Recalled Brands","November 20, 2024","A new E. coli outbreak in 18 states has been linked to organic carrots. Here’s what to know about symptoms, recalled brands, and how to reduce your…",https://www.healthline.com/health-news/e-coli-outbreak-linked-carrots-symptoms-risks-recalled-brands
Daily Walks Could Help You Live Over a Decade Longer,"November 19, 2024","Taking daily walks could increase your life span by up to 11 years, new research finds. Here's how getting more movement can help significantly…",https://www.healthline.com/health-news/daily-walks-help-live-longer
Ozempic: Best and Worst Thanksgiving Foods to Eat While Taking Weight Loss Drugs,"November 18, 2024",Eating some of your favorite Thanksgiving foods while taking drugs like Ozempic and Wegovy may trigger or worsen uncomfortable side effects. Health…,https://www.healthline.com/health-news/ozempic-weight-loss-best-worst-food-holiday
Full House Star Dave Coulier Diagnosed with Stage 3 Non-Hodgkin’s Lymphoma,"November 15, 2024","Actor Dave Coulier, known for playing Uncle Joey on the TV series Full House, announced he has stage 3 non-Hodgkin's lymphoma.",https://www.healthline.com/health-news/full-house-star-dave-coulier-non-hodgkins-lymphoma
